Ayiti,Ayiti,,,,
,Sud,Sud,,,
,,Aquin,Aquin,,
,,,Bellevue,Bellevue,
,,,,Belle Vue,Belle Vue
,,,,Bontemps,Bontemps
,,,,Bwa Won,Bwa Won
,,,,Corail Desbas,Corail Desbas
,,,,Dandin,Dandin
,,,,Jaliette,Jaliette
,,,,Miran,Miran
,,,,Montclair,Montclair
,,,,Morne Aigle,Morne Aigle
,,,,Morne L'hostie,Morne L'hostie
,,,,Morne Tete Source,Morne Tete Source
,,,,Nérette,Nérette
,,,,Olive,Olive
,,,,Paulin,Paulin
,,,,Terre Blanche,Terre Blanche
,,,,Tete Source,Tete Source
,,,,Traime,Traime
,,,Brodequin,Brodequin,
,,,,Grand Fond,Grand Fond
,,,,Jocelyn,Jocelyn
,,,,Maugis,Maugis
,,,,Patrice,Patrice
,,,Colline À Mongron,Colline À Mongron,
,,,,Bidouze,Bidouze
,,,,Faubert,Faubert
,,,,Galbert,Galbert
,,,,Genne,Genne
,,,,La Hatte,La Hatte
,,,,Mare Rouge,Mare Rouge
,,,,Moisson,Moisson
,,,,Saint Jean,Saint Jean
,,,,Virgile,Virgile
,,,Flamands,Flamands,
,,,,Basen Kayiman,Basen Kayiman
,,,,Bisserette,Bisserette
,,,,Bois Corail,Bois Corail
,,,,Caille Zinc,Caille Zinc
,,,,Cajoux,Cajoux
,,,,Carrefour Losandieux,Carrefour Losandieux
,,,,Chacha,Chacha
,,,,Coquille,Coquille
,,,,Damase,Damase
,,,,Davis,Davis
,,,,Derrière Morne,Derrière Morne
,,,,Diveje,Divèje
,,,,Dos Mare Rouge,Dos Mare Rouge
,,,,Duchat,Duchat
,,,,Dumoulin,Dumoulin
,,,,Gachlen,Gachlen
,,,,Gaillac Penché,Gaillac Penché
,,,,Grand Fond,Grand Fond
,,,,Hier,Hier
,,,,Jamais Vu,Jamais Vu
,,,,Jocelyn,Jocelyn
,,,,Kay Mid,Kay Mid
,,,,Labalen,Labalèn
,,,,Laborye,Labòrye
,,,,Lacachine,Lacachine
,,,,Lakachèn,Lakachèn
,,,,Losandieu,Losandieu
,,,,Maigrette,Maigrette
,,,,Malbranche,Malbranche
,,,,Morne Montbrun,Morne Montbrun
,,,,Nadine,Nadine
,,,,Nan Brun,Nan Brun
,,,,Nan Felix,Nan Felix
,,,,Nan Maro,Nan Maro
,,,,Nan Twonpe,Nan Twonpe
,,,,Pas Bwa Dom,Pas Bwa Dòm
,,,,Passe Campeche,Passe Campeche
,,,,Patoilais,Patoilais
,,,,Puits Vibert,Puits Vibert
,,,,Raquette,Raquette
,,,,Roche Crabe,Roche Crabe
,,,,Savane Bé,Savane Bé
,,,,Source Blanche,Source Blanche
,,,,Timil Fache,Timil Fache
,,,,Trou King,Trou King
,,,,Vainqueur,Vainqueur
,,,,Vye At,Vye At
,,,Guirand,Guirand,
,,,,Abraham,Abraham
,,,,Beucard,Beucard
,,,,Blaise,Blaise
,,,,Briand,Briand
,,,,Ca Roi,Ca Roi
,,,,Caroline,Caroline
,,,,Danbrevil,Danbrevil
,,,,Dessalines,Dessalines
,,,,Doko,Doko
,,,,Fond Maricile,Fond Maricile
,,,,Ka Ilesen - Kay Ilesen,Ka Ilèsen
,,,,Ka Madan Pye,Ka Madan Pye
,,,,Latour,Latour
,,,,Lohier,Lohier
,,,,Maryada,Maryada
,,,,Morne Madame Toussaint,Morne Madame Toussaint
,,,,Plaine Abraham,Plaine Abraham
,,,,Ti Sab,Ti Sab
,,,,Zoranje,Zoranje
,,,La Colline,La Colline,
,,,,Basen Kayiman,Basen Kayiman
,,,,Belgarde,Belgarde
,,,,Boirond,Boirond
,,,,Bonnefi,Bonnefi
,,,,Ca Coq,Ca Coq
,,,,Ca Roi,Ca Roi
,,,,Cabosse,Cabosse
,,,,Corail,Corail
,,,,Croix Paul,Croix Paul
,,,,Dumornay,Dumornay
,,,,Elien,Elien
,,,,Faudoise,Faudoise
,,,,Gatimo,Gatimo
,,,,Grandécor,Grandécor
,,,,Jonette,Jonette
,,,,La Colline,La Colline
,,,,La Hatte,La Hatte
,,,,Labady,Labady
,,,,Labate,Labate
,,,,Lalanne,Lalanne
,,,,Michaud,Michaud
,,,,Mombrun,Mombrun
,,,,Morne Abricot,Morne Abricot
,,,,Morne Coma,Morne Coma
,,,,Morne Jonette,Morne Jonette
,,,,Morne Labate,Morne Labate
,,,,Morne Lalanne,Morne Lalanne
,,,,Morne Mombrun,Morne Mombrun
,,,,Pas De Chaine,Pas De Chaine
,,,,Patoilais,Patoilais
,,,,Raymond,Raymond
,,,,Saint Médard,Saint Médard
,,,,Sobia,Sobia
,,,,Valère,Valère
,,,,Vièle,Vièle
,,,,Vincent,Vincent
,,,Macean,Macean,
,,,,Baptiste,Baptiste
,,,,Basse Terre,Basse Terre
,,,,Boucan Mapou,Boucan Mapou
,,,,Calvaire Miracle,Calvaire Miracle
,,,,Carrefour 44,Carrefour 44
,,,,Cimetière,Cimetière
,,,,Dabon,Dabon
,,,,Duverger,Duverger
,,,,Grison,Grison
,,,,Grondel,Grondel
,,,,La Rou Pays,La Rou Pays
,,,,Labadie,Labadie
,,,,Lucrece,Lucrece
,,,,Maducaque,Maducaque
,,,,Masseillan,Masseillan
,,,,Mélinette,Mélinette
,,,,Morne Dubois,Morne Dubois
,,,,Morne Duverger,Morne Duverger
,,,,Morne Michau,Morne Michau
,,,,Morne Radou,Morne Radou
,,,,Nan Citron,Nan Citron
,,,,Nan Clos,Nan Clos
,,,,Pascal,Pascal
,,,,Patte Tortue,Patte Tortue
,,,,Plaine Dassema,Plaine Dassema
,,,,Quartier,Quartier
,,,,Saint Castor,Saint Castor
,,,,Tête L'etang,Tête L'etang
,,,,Ticoma,Ticoma
,,,,Vieux Bourg D'aquin,Vieux Bourg D'aquin
,,,Macean/Grosse Caille,Macean/Grosse Caille,
,,,,Grosse Caye,Grosse Caye
,,,Mare A Coiffe,Mare A Coiffe,
,,,,Morne Brûlé,Morne Brûlé
,,,,Morne Maracoif,Morne Maracoif
,,,,Mornre A Tuf,Mornre A Tuf
,,,,Nan Contrée,Nan Contrée
,,,,Plaine Délice,Plaine Délice
,,,,Poste Gaille,Poste Gaille
,,,,Sous Jean Jacques,Sous Jean Jacques
,,Arniquet,Arniquet,,
,,,Arniquet,Arniquet,
,,,,Antoine,Antoine
,,,,Bassin,Bassin
,,,,Cazeau,Cazeau
,,,,Griffon,Griffon
,,,,La Hatte,La Hatte
,,,,Maillard,Maillard
,,,,Mont Gérard,Mont Gérard
,,,,Ravette,Ravette
,,,,Romain,Romain
,,,,Tampis,Tampis
,,Chantal,Chantal,,
,,,Carrefour Canon,Carrefour Canon,
,,,,Bois Marassa,Bois Marassa
,,,,Caiman,Caiman
,,,,Citadelle Des Platons,Citadelle Des Platons
,,,,Formond,Formond
,,,,Les Platons,Les Platons
,,,,Morne Cavalier,Morne Cavalier
,,,,Morne Suzane,Morne Suzane
,,,,Nan Seille,Nan Seille
,,,,Nan Selle,Nan Selle
,,,,Pic Macaya,Pic Macaya
,,,,Ruines,Ruines
,,,Fonds Palmiste,Fonds Palmiste,
,,,,Cadet,Cadet
,,,,Dupéron,Dupéron
,,,,Maisonneuve,Maisonneuve
,,,,Marché,Marché
,,,,Mélonienne,Mélonienne
,,,,Morne Ducis,Morne Ducis
,,,,Morne La Verta,Morne La Verta
,,,,Morne Lector,Morne Lector
,,,,Morne Morpaeu,Morne Morpaeu
,,,,Musso,Musso
,,,,Pélerins,Pélerins
,,,Meloniere,Meloniere,
,,,,Boclo,Boclo
,,,,Caprou,Caprou
,,,,Clermont,Clermont
,,,,Desjardins,Desjardins
,,,,Ferri7re,Ferri7re
,,,,Jabouin,Jabouin
,,,,La Hatte,La Hatte
,,,,La Place,La Place
,,,,L'etang,L'etang
,,,,Mathieux,Mathieux
,,,,Mirabelle,Mirabelle
,,,,Morne Lazarre,Morne Lazarre
,,,,Poldic,Poldic
,,,,Saint Martin,Saint Martin
,,,,Smith,Smith
,,,,Terre Rouge,Terre Rouge
,,,,Tete Paon,Tete Paon
,,,,Toman,Toman
,,Chardonnieres,Chardonnieres,,
,,,Bony,Bony,
,,,,Belle Dent,Belle Dent
,,,,Bousquet,Bousquet
,,,,Calapa,Calapa
,,,,Calebasse,Calebasse
,,,,Cassagnol,Cassagnol
,,,,Chardonnières,Chardonnières
,,,,Coquignol,Coquignol
,,,,Lagon Ferou,Lagon Ferou
,,,,Malori,Malori
,,,,Nan Bois,Nan Bois
,,,,Nan Charles,Nan Charles
,,,,Nan Pont,Nan Pont
,,,,Paris,Paris
,,,,Samedi,Samedi
,,,,Tete Digue,Tete Digue
,,,Dejoie,Dejoie,
,,,,Aubin,Aubin
,,,,Benoit,Benoit
,,,,Bois De Chêne,Bois De Chêne
,,,,Déjoie,Déjoie
,,,,Dubreuil,Dubreuil
,,,,Graplain,Graplain
,,,,Haut Bois,Haut Bois
,,,,La Visite,La Visite
,,,,Labaye,Labaye
,,,,Morne Juif,Morne Juif
,,,,Morne Rouge,Morne Rouge
,,,,Morne Saint Cloud,Morne Saint Cloud
,,,,Nan Cirouel,Nan Cirouel
,,,,Platon Mombin,Platon Mombin
,,,,Sèche,Sèche
,,,Randel,Randel,
,,,,Belsue,Belsue
,,,,Duplantin,Duplantin
,,,,Nan Bento,Nan Bento
,,,,Nan Dassier,Nan Dassier
,,,,Planton Mombin,Planton Mombin
,,,,Platon,Platon
,,,,Poty,Poty
,,,,Rampart,Rampart
,,,,Randelle,Randelle
,,Coteaux,Coteaux,,
,,,Conde,Conde,
,,,,Bêque,Bêque
,,,,Condé,Condé
,,,,Delior,Delior
,,,,Duperon,Duperon
,,,,Gardois,Gardois
,,,,Lan Beurre,Lan Beurre
,,,,Morne Colas,Morne Colas
,,,,Morne Perdu Temps,Morne Perdu Temps
,,,,Morne Sinaï,Morne Sinaï
,,,,Roche A Bateau,Roche A Bateau
,,,Des Pas,Des Pas,
,,,,Anse Louis,Anse Louis
,,,,Ca Boquet,Ca Boquet
,,,,Caceleste,Caceleste
,,,,Dépas,Dépas
,,,,La Hatte,La Hatte
,,,,Lourtier,Lourtier
,,,,Morne Désiré,Morne Désiré
,,,,Morne Verdun,Morne Verdun
,,,,Tamarin,Tamarin
,,,Quentin,Quentin,
,,,,Calebasse,Calebasse
,,,,Dallier,Dallier
,,,,Dépas,Dépas
,,,,Guichard,Guichard
,,,,Jirodo,Jirodo
,,,,Nan Campèche,Nan Campèche
,,Fond-des-Blancs,Fond-des-Blancs,,
,,,Fond-des-Blancs,Fond-des-Blancs,
,,,,Balanyen,Balanyen
,,,,Bandjann,Bandjann
,,,,Bele,Bele
,,,,Belgad I,Bèlgad I
,,,,Belgad II,Bèlgad II
,,,,Bernadel,Bernadel
,,,,Buissereth,Buissereth
,,,,Degan,Degan
,,,,Dige,Dige
,,,,Egalite,Egalite
,,,,Gaspard I,Gaspard I
,,,,Gaspard II,Gaspard II
,,,,Gaspard III,Gaspard III
,,,,Gwo Tou,Gwo Tou
,,,,Ka Alsi,Ka Alsi
,,,,Ka Founo,Ka Founo
,,,,Ka Gous,Ka Gous
,,,,Ka Lendi,Ka Lendi
,,,,Ka Pen,Ka Pen
,,,,Kabya,Kabya
,,,,Kasik,Kasik
,,,,Kay Chalen,Kay Chalen
,,,,Kay Frank,Kay Frank
,,,,Kousonn,Kousonn
,,,,Kwa Pol,Kwa Pòl
,,,,Kwendak,Kwendak
,,,,Leksi,Leksi
,,,,Mirye,Mirye
,,,,Mon Boule,Mòn Boule
,,,,Mon Josef,Mon Josef
,,,,Mon Lyeve,Mòn Lyève
,,,,Nan Bwet,Nan Bwet
,,,,Nan Kat,Nan Kat
,,,,Nan Michèl,Nan Michèl
,,,,Nan Pedi,Nan Pedi
,,,,Nan Wok,Nan Wòk
,,,,Perin,Perin
,,,,Sainthon,Sainthon
,,,,Sapoti,Sapoti
,,,,Sen Jil,Sen Jil
,,,,Sous Figye,Sous Figye
,,,,Vibert,Vibert
,,,Franchipagne,Franchipagne,
,,,,At Joli Bwa,At Joli Bwa
,,,,Ba Lendi,Ba Lendi
,,,,Baltimo,Baltimò
,,,,Bodwen,Bodwen
,,,,Bose,Bose
,,,,Boudary,Boudary
,,,,Dano,Dano
,,,,Deno,Deno
,,,,Fedil,Fèdil
,,,,Fontalyen/Ka Mala,Fontalyen/Ka Mala
,,,,Franchipay,Franchipay
,,,,Gode,Gode
,,,,Gran Pas,Gran Pas
,,,,Grann Savann/Savann Anri,Grann Savann/Savann Anri
,,,,Guillaume,Guillaume
,,,,Jatnat,Jatnat
,,,,Ka Dibwa,Ka Dibwa
,,,,Ka Pajan,Ka Pajan
,,,,Ka Remon,Ka Remon
,,,,Kadewo,Kadewo
,,,,Kafou Thomas,Kafou Thomas
,,,,Kamala,Kamala
,,,,Kanmi,Kanmi
,,,,Kapajan,Kapajan
,,,,Kapi,Kapi
,,,,Kay Lyev,Kay Lyèv
,,,,Koray,Koray
,,,,Koray Joli Bwa,Koray Joli Bwa
,,,,Lhomond,Lhomond
,,,,Lorye,Lorye
,,,,Mabre,Mabre
,,,,Mascary I/Mari Madelen,Mascary I/Mari Madelen
,,,,Mascary II,Mascary II
,,,,Meksi,Meksi
,,,,Mon Woch,Mòn Wòch
,,,,Morensi,Morensi
,,,,Mouyay Fouket,Mouyay Foukèt
,,,,Nan Akou,Nan Akou
,,,,Nan Koton/Nan Bret,Nan Koton/Nan Bret
,,,,Nan Liben,Nan Liben
,,,,Nan Matye,Nan Matye
,,,,Nan Rok,Nan Ròk
,,,,Nan St Lo,Nan St Lo
,,,,Pi Loran,Pi Loran
,,,,Pi Sale,Pi Sale
,,,,Platon,Platon
,,,,Ravin Solda,Ravin Solda
,,,,Talon,Talon
,,Les Anglais,Les Anglais,,
,,,Cosse,Cosse,
,,,,Béléo,Béléo
,,,,Bellevue Station,Bellevue Station
,,,,Chanterelle,Chanterelle
,,,,Constant,Constant
,,,,Débouché,Débouché
,,,,Derrière Morne,Derrière Morne
,,,,Fond Charlemagne,Fond Charlemagne
,,,,La Chaine,La Chaine
,,,,La Visite,La Visite
,,,,Les Anglais,Les Anglais
,,,,Lima,Lima
,,,,Morne Henry,Morne Henry
,,,,Nan Cosse,Nan Cosse
,,,,Nan Pota,Nan Pota
,,,,Nan Saint,Nan Saint
,,,,Narndigue,Narndigue
,,,,Pierre Paul,Pierre Paul
,,,,Taquin,Taquin
,,,Edelin,Edelin,
,,,,Anglais,Anglais
,,,,Bacilier,Bacilier
,,,,Bois Cochon,Bois Cochon
,,,,Bois Délaï,Bois Délaï
,,,,Délabré,Délabré
,,,,Mahotière Piment,Mahotière Piment
,,,,Morne Bellevue,Morne Bellevue
,,,,Pond Bleu,Pond Bleu
,,,,Rossignol,Rossignol
,,,,Véronne,Véronne
,,,Verone,Verone,
,,,,Boco,Boco
,,,,Bon Pas,Bon Pas
,,,,Cannette,Cannette
,,,,Capoliette,Capoliette
,,,,Jambon,Jambon
,,,,Morne Aubin,Morne Aubin
,,,,Morne Sentimental,Morne Sentimental
,,,,Nan Casse,Nan Casse
,,Les Cayes,Les Cayes,,
,,,Boulmier,Boulmier,
,,,,Bellevue,Bellevue
,,,,Boulmier,Boulmier
,,,,Casure,Casure
,,,,Clivier,Clivier
,,,,Coton,Coton
,,,,Despavines,Despavines
,,,,Digo Solon,Digo Solon
,,,,Grand Fond Delmas,Grand Fond Delmas
,,,,La Porte,La Porte
,,,,Macome,Macome
,,,,Mopolice,Mopolice
,,,,Morency,Morency
,,,,Nan Café,Nan Café
,,,,Sourdins,Sourdins
,,,,Totolo,Totolo
,,,,Zombi,Zombi
,,,Bourdet,Bourdet,
,,,,Agard,Agard
,,,,Bambou,Bambou
,,,,Bois L'etat,Bois L'etat
,,,,Bourdet,Bourdet
,,,,Branda,Branda
,,,,Carrefour Calumette,Carrefour Calumette
,,,,Carrefour Des Quatre Chemins,Carrefour Des Quatre Chemins
,,,,Carrefour Deux Mapou,Carrefour Deux Mapou
,,,,Castel Pére,Castel Pére
,,,,Cayajant,Cayajant
,,,,Centrale Dessalines,Centrale Dessalines
,,,,Charpentier,Charpentier
,,,,Coquette,Coquette
,,,,Corbillère,Corbillère
,,,,Croix Matyre,Croix Matyre
,,,,Danton,Danton
,,,,Dutruche,Dutruche
,,,,Fogas,Fogas
,,,,Gelée,Gelée
,,,,La Croix,La Croix
,,,,La Gaudray,La Gaudray
,,,,Leroux,Leroux
,,,,Longue Fosse,Longue Fosse
,,,,Marché,Marché
,,,,Marsay,Marsay
,,,,Piloge,Piloge
,,,,Reynaud,Reynaud
,,,,Ruines,Ruines
,,,,Vernet,Vernet
,,,Fonfrede,Fonfrede,
,,,,Cadet,Cadet
,,,,Camp Gérard,Camp Gérard
,,,,Carrefour Canse,Carrefour Canse
,,,,Citadelle,Citadelle
,,,,Dabarelle,Dabarelle
,,,,Démon,Démon
,,,,Fonfrède,Fonfrède
,,,,Galais,Galais
,,,,Génères,Génères
,,,,Goufan,Goufan
,,,,Laval,Laval
,,,,Major,Major
,,,,Mercy,Mercy
,,,,Nicolas,Nicolas
,,,,Paulin,Paulin
,,,,Pesmerle,Pesmerle
,,,,Picot,Picot
,,,,Ruines,Ruines
,,,,Savannette,Savannette
,,,,Simon,Simon
,,,,Tuffet Ainé,Tuffet Ainé
,,,Laborde,Laborde,
,,,,Anadère,Anadère
,,,,Aviation De La Borde,Aviation De La Borde
,,,,Barnate,Barnate
,,,,Bois Laborde,Bois Laborde
,,,,Ca Durand,Ca Durand
,,,,Carrefour Dollin,Carrefour Dollin
,,,,Costa,Costa
,,,,Diéte,Diéte
,,,,Doual,Doual
,,,,Godet,Godet
,,,,La Borde,La Borde
,,,,Le Pinay,Le Pinay
,,,,Marchand,Marchand
,,,,Remadin,Remadin
,,,,Vilou,Vilou
,,,Laurent,Laurent,
,,,,Bergeraud,Bergeraud
,,,,Ca Bique,Ca Bique
,,,,Ca Chérisme,Ca Chérisme
,,,,Desplantes,Desplantes
,,,,Laurent,Laurent
,,,,Madame Jean Pierre,Madame Jean Pierre
,,,,Morne Sicard,Morne Sicard
,,,,Nan More,Nan More
,,,,Yersières,Yersières
,,,Mercy,Mercy,
,,,,Bourjolly,Bourjolly
,,,,Condé,Condé
,,,,Demuzaine,Demuzaine
,,,,Dollin,Dollin
,,,,Duverseau,Duverseau
,,,,Fond Des Frais,Fond Des Frais
,,,,Fond Justin,Fond Justin
,,,,Fraise,Fraise
,,,,Labarrière,Labarrière
,,,,Langlois,Langlois
,,,,Madeque,Madeque
,,Maniche,Maniche,,
,,,Dory,Dory,
,,,,Balice,Balice
,,,,Dessources,Dessources
,,,,Dory,Dory
,,,,Fraise,Fraise
,,,,Grand Doise,Grand Doise
,,,,Morne Canfi,Morne Canfi
,,,,Muller,Muller
,,,,Ringnin,Ringnin
,,,,Roba,Roba
,,,,Trou Canari,Trou Canari
,,,Maniche,Maniche,
,,,,Cassiline,Cassiline
,,,,Cimetière,Cimetière
,,,,Jean Dedes,Jean Dedes
,,,,Lamore,Lamore
,,,,Madame Jean Pierre,Madame Jean Pierre
,,,,Madame Marin,Madame Marin
,,,,Mathieu,Mathieu
,,,,Mazolière,Mazolière
,,,,Melissant,Melissant
,,,,Nacou,Nacou
,,,,Nan Coton,Nan Coton
,,,,Roche,Roche
,,,,Rousseau,Rousseau
,,,,Tricon,Tricon
,,,Melon,Melon,
,,,,Dérodière,Dérodière
,,,,Geffard,Geffard
,,,,Hatier,Hatier
,,,,Lestace,Lestace
,,,,Morency,Morency
,,,,Morne Bois Pangnol,Morne Bois Pangnol
,,,,Morne Jacquin,Morne Jacquin
,,,,Rambeau,Rambeau
,,,,Robert,Robert
,,,,Terre Rouge,Terre Rouge
,,,,Ti Claire,Ti Claire
,,,,Ti Melon,Ti Melon
,,Port A Piment,Port A Piment,,
,,,Balais,Balais,
,,,,Balais,Balais
,,,,Cavalier,Cavalier
,,,,Cavase,Cavase
,,,,Dolian,Dolian
,,,,Dupin,Dupin
,,,,Dussable,Dussable
,,,,Fripo,Fripo
,,,,Guillaume,Guillaume
,,,,Justable,Justable
,,,,Magasin,Magasin
,,,,Morne Rimbeau,Morne Rimbeau
,,,,Nan Cadet,Nan Cadet
,,,,Nan Zilé,Nan Zilé
,,,,Pénitence,Pénitence
,,,,Philippeaux,Philippeaux
,,,,Policard,Policard
,,,,Potu,Potu
,,,,Raton,Raton
,,,,Valmor,Valmor
,,,Paricot,Paricot,
,,,,Ca Rocher,Ca Rocher
,,,,Déboulayé,Déboulayé
,,,,Désert,Désert
,,,,Desravines,Desravines
,,,,Grande Passe,Grande Passe
,,,,Mare Jeanne,Mare Jeanne
,,,,Marguérite,Marguérite
,,,,Mendos,Mendos
,,,,Nan Dompté,Nan Dompté
,,,,Nan Poto,Nan Poto
,,,,Nan Roche,Nan Roche
,,,,Paricot,Paricot
,,,,Pernele,Pernele
,,,,Port À Piment,Port À Piment
,,,,Saintil,Saintil
,,,,Tamarin,Tamarin
,,Port Salut,Port Salut,,
,,,Anse A Drick,Anse A Drick,
,,,,Berger,Berger
,,,,Bergera,Bergera
,,,,Blondin,Blondin
,,,,Bouroux,Bouroux
,,,,Ca Stable,Ca Stable
,,,,Camori,Camori
,,,,Carpentier,Carpentier
,,,,Desglacis,Desglacis
,,,,Dumeau,Dumeau
,,,,Gauthier,Gauthier
,,,,La Ferme,La Ferme
,,,,Lebon,Lebon
,,,,Marshall,Marshall
,,,,Maucas,Maucas
,,,,Nan Bois,Nan Bois
,,,,Nan Calou,Nan Calou
,,,,Nan Garde,Nan Garde
,,,,Nan Rue,Nan Rue
,,,,Ravette,Ravette
,,,,Vancol,Vancol
,,,Darbois,Darbois,
,,,,Barbois,Barbois
,,,,Bellote,Bellote
,,,,Boudou,Boudou
,,,,Brière,Brière
,,,,Buteau,Buteau
,,,,Canard,Canard
,,,,Carrefour,Carrefour
,,,,Catherine,Catherine
,,,,Civil,Civil
,,,,Corail,Corail
,,,,Dubois,Dubois
,,,,Dupin,Dupin
,,,,Fouron,Fouron
,,,,La Grousse,La Grousse
,,,,La Source,La Source
,,,,La Vigie,La Vigie
,,,,Macaya,Macaya
,,,,Morne Douyon,Morne Douyon
,,,,Morne Jet D'eau,Morne Jet D'eau
,,,,Nagosi,Nagosi
,,,,Nan Dupin,Nan Dupin
,,,,Prenier,Prenier
,,,,Séjour,Séjour
,,,,Trouillac,Trouillac
,,,,Verclun,Verclun
,,,,Viard,Viard
,,,Dumont,Dumont,
,,,,Darbouze,Darbouze
,,,,Scipion,Scipion
,,,Lazarre,Lazarre,
,,,,Chateau,Chateau
,,,,Duclerc,Duclerc
,,Roche A Bateau,Roche A Bateau,,
,,,Beauclos,Beauclos,
,,,,Débauché,Débauché
,,,,Duval,Duval
,,,,Figuier,Figuier
,,,,Morne Moussambé,Morne Moussambé
,,,,Morne Perdu Temps,Morne Perdu Temps
,,,,Nan Roux,Nan Roux
,,,,Tete Nicolas,Tete Nicolas
,,,,Trou Zombi,Trou Zombi
,,,Beaulieu,Beaulieu,
,,,,Beaulieu,Beaulieu
,,,,Catin,Catin
,,,,Dopré,Dopré
,,,,Malette,Malette
,,,,Mirande,Mirande
,,,,Morglic,Morglic
,,,,Nan Fourneau,Nan Fourneau
,,,,Rosier,Rosier
,,,,Table Au Diable,Table Au Diable
,,,Renaudin,Renaudin,
,,,,Ca Mathan,Ca Mathan
,,,,Labiche,Labiche
,,,,Nan Acajou,Nan Acajou
,,,,Ti Place,Ti Place
,,St Jean Du Sud,St Jean Du Sud,,
,,,Debouchette,Debouchette,
,,,,Balice,Balice
,,,,Chiendent,Chiendent
,,,,En Haut Ravine,En Haut Ravine
,,,,Moulin,Moulin
,,,,Nan Crapaud,Nan Crapaud
,,,,Nan Diaman,Nan Diaman
,,,,Nan Garde,Nan Garde
,,,,Nan Montasse,Nan Montasse
,,,,Nan Récif,Nan Récif
,,,,Terre Rouge,Terre Rouge
,,,Tapion,Tapion,
,,,,Bel Air,Bel Air
,,,,Boury,Boury
,,,,Brieux,Brieux
,,,,Cannette,Cannette
,,,,Dumond,Dumond
,,,,Fourrier,Fourrier
,,,,Gaspard,Gaspard
,,,,Jabouin,Jabouin
,,,,La Joie,La Joie
,,,,Macabé,Macabé
,,,,Mareau,Mareau
,,,,Masson,Masson
,,,,Morne Berci,Morne Berci
,,,,Morne Brieux,Morne Brieux
,,,,Mulette,Mulette
,,,,Petite Rivière,Petite Rivière
,,,Trichet,Trichet,
,,,,Boyer,Boyer
,,,,Ca Jean Boute,Ca Jean Boute
,,,,Caloban,Caloban
,,,,Colette,Colette
,,,,Coteaux,Coteaux
,,,,Martin,Martin
,,,,Nan Confort,Nan Confort
,,,,Nan Mouine,Nan Mouine
,,,,Somate,Somate
,,,,Trou Palouse,Trou Palouse
,,St Louis Du Sud,St Louis Du Sud,,
,,,Baie Dumesle,Baie Dumesle,
,,,,Bas Dufort,Bas Dufort
,,,,Cajou,Cajou
,,,,Chaumette,Chaumette
,,,,Desconville,Desconville
,,,,Figuier,Figuier
,,,,Grande Savane,Grande Savane
,,,,Landy,Landy
,,,,Lany,Lany
,,,,Mahot,Mahot
,,,,Marcelin,Marcelin
,,,,Mesle,Mesle
,,,,Morne Rouge,Morne Rouge
,,,,Philippeau,Philippeau
,,,,Sable,Sable
,,,,Sanon,Sanon
,,,,Tesson,Tesson
,,,Cherette,Cherette,
,,,,Chérette,Chérette
,,,,Découverte,Découverte
,,,,Grand Fond,Grand Fond
,,,,La Cour,La Cour
,,,,Miseau,Miseau
,,,,Raymond Connet,Raymond Connet
,,,,Risque,Risque
,,,,Senaille,Senaille
,,,,Sénaille,Sénaille
,,,Corail Henry,Corail Henry,
,,,,Corail Henry,Corail Henry
,,,,Madame Louis,Madame Louis
,,,Des Zanglais,Des Zanglais,
,,,,Brodequin,Brodequin
,,,,Manioc,Manioc
,,,,Morisseau,Morisseau
,,,,Morne Zanglais,Morne Zanglais
,,,,Saint Georges,Saint Georges
,,,,Zanglais,Zanglais
,,,Grand Fonds,Grand Fonds,
,,,,Carème,Carème
,,,,Chara,Chara
,,,,Grenadière,Grenadière
,,,,Grenodière,Grenodière
,,,,La Cour,La Cour
,,,,Litasse,Litasse
,,,,Pied Ferme,Pied Ferme
,,,,Raymond Connet,Raymond Connet
,,,Grenodiere,Grenodiere,
,,,,Anglade,Anglade
,,,,Barreau,Barreau
,,,,Bellevue,Bellevue
,,,,Ca Folie,Ca Folie
,,,,Jeannot,Jeannot
,,,,Malval,Malval
,,,,Meyance,Meyance
,,,,Morne Grenodière,Morne Grenodière
,,,,Morne St Georges,Morne St Georges
,,,,Nicolas,Nicolas
,,,Solon,Solon,
,,,,Béré,Béré
,,,,Cassamajor,Cassamajor
,,,,Cyrille,Cyrille
,,,,Grand Bois,Grand Bois
,,,,Morne Des Orangers,Morne Des Orangers
,,,,Solon,Solon
,,,,Tibarra,Tibarra
,,,,Trois Frères,Trois Frères
,,,,Valbrune,Valbrune
,,,Sucrerie Henry,Sucrerie Henry,
,,,,Ca Matelle,Ca Matelle
,,,,Jalousie,Jalousie
,,,,La Hatte,La Hatte
,,,,La Sucrerie Henry,La Sucrerie Henry
,,,,Morne Dubois,Morne Dubois
,,,,Nan Borne,Nan Borne
,,,,Terre Neuve,Terre Neuve
,,Tiburon,Tiburon,,
,,,Blactote,Blactote,
,,,,Blacktote,Blacktote
,,,,Carrefour Gros Chaudière,Carrefour Gros Chaudière
,,,,Carrefour Maillette,Carrefour Maillette
,,,,Casnave,Casnave
,,,,Conete,Conete
,,,,Duclosette,Duclosette
,,,,Haut Fort,Haut Fort
,,,,Jean Jacques,Jean Jacques
,,,,Jean Sac,Jean Sac
,,,,La Chaine,La Chaine
,,,,Passage Président,Passage Président
,,,,Tapion,Tapion
,,,,Ti Plaine,Ti Plaine
,,,,Trou Mangnain,Trou Mangnain
,,,,Vainqueur,Vainqueur
,,,Dalmette,Dalmette,
,,,,Beraud,Beraud
,,,,Berault,Berault
,,,,Bon Pas,Bon Pas
,,,,Chamblain,Chamblain
,,,,Dalmette,Dalmette
,,,,Fradin,Fradin
,,,,Grande Pointe,Grande Pointe
,,,,La Cahouane,La Cahouane
,,,,Lafito,Lafito
,,,,Ledge,Ledge
,,,,Nan Roche,Nan Roche
,,,,Promu,Promu
,,,,Ste Marie,Ste Marie
,,,Loby,Loby,
,,,,Bertrand,Bertrand
,,,,Cassa,Cassa
,,,,Chavêne,Chavêne
,,,,Deslandes,Deslandes
,,,,Georges,Georges
,,,,Marcelin,Marcelin
,,,,Monto,Monto
,,,,Morne À Bruler,Morne À Bruler
,,,,Morne Epine,Morne Epine
,,,,Nan Grand Mas,Nan Grand Mas
,,,,Nan Sable,Nan Sable
,,,,Nansinte,Nansinte
,,,,Perien,Perien
,,,,Sentier,Sentier
,,,,Taverne,Taverne
,,,Sevre,Sevre,
,,,,Anglade,Anglade
,,,,Benjamin,Benjamin
,,,,Beraud,Beraud
,,,,Jocelyn,Jocelyn
,,,,Madrier,Madrier
,,,,Mazi,Mazi
,,,,Morne Grand Bois,Morne Grand Bois
,,,,Nan Sévré,Nan Sévré
,,,,Saint Cyr,Saint Cyr
,,,,Sara,Sara
,,Torbeck,Torbeck,,
,,,Bereault,Bereault,
,,,,Bauzan,Bauzan
,,,,Bellevue,Bellevue
,,,,Béraud,Béraud
,,,,Bois Landry,Bois Landry
,,,,Borgella,Borgella
,,,,Boulé,Boulé
,,,,Bourdet,Bourdet
,,,,Burin,Burin
,,,,Delfosse,Delfosse
,,,,Digue Monville,Digue Monville
,,,,Dumortier,Dumortier
,,,,Dumusat,Dumusat
,,,,Durocher,Durocher
,,,,Gaston,Gaston
,,,,Gérard,Gérard
,,,,Guilloux,Guilloux
,,,,Jonca,Jonca
,,,,La Frésilière,La Frésilière
,,,,Labeye,Labeye
,,,,Laumont,Laumont
,,,,Marché,Marché
,,,,Monvide,Monvide
,,,,Perigny,Perigny
,,,,Saint Félix,Saint Félix
,,,,Surin,Surin
,,,,Tuffet,Tuffet
,,,Boury,Boury,
,,,,Base Sud,Base Sud
,,,,Ca Louis,Ca Louis
,,,,Carrefour Méridien,Carrefour Méridien
,,,,Cassagne Finca,Cassagne Finca
,,,,Chalette,Chalette
,,,,Duverni,Duverni
,,,,Formon,Formon
,,,,Godefroy,Godefroy
,,,,Grassette,Grassette
,,,,Guillerme,Guillerme
,,,,Houck,Houck
,,,,Jauge,Jauge
,,,,La Force,La Force
,,,,Mineur,Mineur
,,,,Nan Goyave,Nan Goyave
,,,,Nan Redon,Nan Redon
,,,,Poteau,Poteau
,,,,Poterie,Poterie
,,,,Praslin,Praslin
,,,,Soulé,Soulé
,,,,Welsh,Welsh
,,,Moreau,Moreau,
,,,,Deronceley,Deronceley
,,,,La Coste,La Coste
,,,,Lamonge,Lamonge
,,,,Malval,Malval
,,,,Moreau,Moreau
,,,Solon,Solon,
,,,,Achille,Achille
,,,,Bézin,Bézin
,,,,Billard,Billard
,,,,Billiard,Billiard
,,,,Bois Pangrol,Bois Pangrol
,,,,Canon,Canon
,,,,Carré,Carré
,,,,Chéramy,Chéramy
,,,,Dessources,Dessources
,,,,Dubreuil,Dubreuil
,,,,Ducis,Ducis
,,,,Fond Vert,Fond Vert
,,,,Gilgot,Gilgot
,,,,La Frésilière,La Frésilière
,,,,Lagrou,Lagrou
,,,,Le Duc,Le Duc
,,,,Le Prêtre,Le Prêtre
,,,,Magnant,Magnant
,,,,Monville,Monville
,,,,Morne Le Duc,Morne Le Duc
,,,,Possin,Possin
,,,,Régnier,Régnier
,,,,Toro,Toro
,,,,Touya,Touya
Lòt,Lot,,,,
